UserID,FirstName,LastName,Email,LastLoginDate
101,Alice,Smith,alice.smith@example.com,2023-01-15
102,Bob,Johnson,b.johnson@example.net,2023-02-20
103,Carol,Williams,carol.w@example.org,2023-03-10
104,David,Brown,david.brown123@example.com,2023-04-05
105,Eve,Jones,eve.j@example.net,2023-05-22
106,Frank,Garcia,frank.g@example.org,2023-06-18
107,Grace,Miller,grace.miller@example.com,2023-07-01
108,Henry,Davis,h.davis@example.net,2023-08-11
109,Ivy,Rodriguez,ivy.r@example.org,2023-09-25
110,Jack,Wilson,jack.wilson@example.com,2023-10-30
111,Kate,Martinez,k.martinez@example.net,2023-11-14
112,Leo,Anderson,leo.anderson@example.org,2023-12-07